{
  "status": "Optimal",
  "procurement_cost": 2715767.7658121586,
  "fixed_cost": 27154.235047914324,
  "delay_cost": 13830.681947157895,
  "total_cost": 2756752.682807231,
  "risk_score": 9.481680843883296,
  "carbon_score_kg": 10281.644670650603,
  "on_time_rate": 1.0,
  "budget": 2716138.3051987267,
  "deadline_days": 28.0,
  "risk_weight": 0.2,
  "carbon_weight": 0.1,
  "scenario_count": 80,
  "supplier_reliability_variance": 0.010505482938063892,
  "baseline_total_cost": 8818928.948578646,
  "optimized_total_cost": 2756752.682807231,
  "cost_reduction_ratio": 0.687405046703371,
  "solve_time_seconds": 0.13788269995711744,
  "mae_delay_model": 1.4795475384481278,
  "rmse_delay_model": 1.9149120662572856,
  "residual_std_delay_model": 1.9148612666467366
}